"Session_id","Chat_name"
"100","Ninjas"
"101","Family Matters"
"102","Rocking Family"
"103","Good of Times, Bad of Times"
"104","Republic of Restless"
"105","The Chicken Tenders"
"106","Modern Family"
"107","Superstar Family"
"108","Crazy World"
"109","Devils Vs Angels"
"110","Unfired"
"111","Ignorant Buddies"
"112","Spicy Sugars"
"113","Lords of the Bling"
"114","Seven Smokers"
"115","The Alter Egos"
"116","The Badasses"
"117","Silence is our enemy"
"118","‘Sup Group"
"119","Phone Pals"
"120","Weird Clicks"
"121","Non-Stop Pings"
"122","The Uncalled Four"
"123","Cutest Family"
"124","Lords of the Bling"
"125","Fantastic 4"
"126","Unique Group Names List"
"127","Tough Team"
"128","Unfired"
"129","Strong Bonding"
"130","Study Buddies"
"131","My Family"
"132","The Family Gang"
"133","Spicy Sugars"
"134","Non-Stop Pings"
"135","Superstar Family"
"136","Lords of the Bling"
"137","The Cool Nerds"
"138","chatter Box"
"139","Fantastic 4"
"140","The Cool Nerds"
"141","The Badasses"
"142","Wonderring Minds"
"143","Modern Family"
"144","Ignorant Buddies"
"145","Pretty Family"
"146","Savages"
"147","Colonial Cousins"
"148","Lords of the Bling"
"149","Family Matters"
"150","Savages"
"151","Trolls of disgust"
"152","Childhood Chilkuts"
"153","chatter Box"
"154","The Chicken Tenders"
"155","Family Matters"
"156","Tech Ninjas"
"157","The Uncalled Four"
"158","Superstar Family"
"159","The Badasses"
"160","Devils Vs Angels"
"161","Ignorant Buddies"
"162","The Family Gang"
"163","Black Panthers"
"164","The Family Gang"
"165","‘Sup Group"
"166","Devils Vs Angels"
"167","Silence is our enemy"
"168","Spicy Sugars"
"169","Sports lovers"
"170","Sports lovers"
"171","My Family"
"172","Don’t spoil it"
"173","Silence is our enemy"
"174","Recycle Bin"
"175","The Uncalled Four"
"176","Superstar Family"
"177","The Badasses"
"178","The Uncalled Four"
"179","Country’s future weapons"
"180","All Us Single Ladies"
"181","Country’s future weapons"
"182","Rocking Family"
"183","Superstar Family"
"184","Changing Majors"
"185","Tough Team"
"186","Childhood Chilkuts"
"187","404! Group name does not exist"
"188","Dolls With Balls"
"189","Non-Stop Pings"
"190","The Uncalled Four"
"191","Seven Smokers"
"192","Wrong Numbers"
"193","Weird Clicks"
"194","Ninjas"
"195","Superstar Family"
"196","Banish Gang"
"197","Weird Clicks"
"198","The So and So"
"199","Unfired"
