"Snippet_id","Snippet_link","Snippet_content"
"1","msdn.itellyou.cn/","his website not only allows you to download system images for free, but also has a very complete version."
"2","www.bangongziyuan.com/ppt/","This is a multi-functional office resource website, such as PPT templates, Word templates, Excel templates, sound effects templates, etc"
"3","www.dxzy163.com/","It has free courses from postgraduate entrance examination to university to primary school, "
"4","www.bewindoweb.com/dwg.php","It includes the essentials for writing papers, general programmers, data source downloads, online tool websites, design materials, office commonly used, students Commonly used"
"5","uzer.me/","No installation is required, you can edit Office online, use PS, Visio, Xmind, Matlab, Jupyter and other large software."
"6","www.hippter.com/","This website is quite a collection of documents, which organizes the resource websites of PPT into different categories. "
"7","bddn.cn/zb.htm","This is an eye-catching website."
"8","cn.office-converter.com/","Office document format, video format, audio format, picture format, e-book format..."
"9","freecomputerbooks.com/","This is a website dedicated to technical books on computers, transformation, mathematics, electrical engineering, software engineering, etc. "
"10","chromecj.com/ ","For some well-known reasons, many useful plug-ins on Google Chrome are unavailable, but after this website, you can download chrome browser plug-ins without scientifically surfing the Internet."
"11","www.sina.com.cn/","Discover new things anytime , anywhere !"
"12","www.sohu.com/","It provides users with 24-hour uninterrupted up-to-date information, as well as network services such as search and email."
"13","www.qq.com/","calls anytime, anywhere Chat with your friends for as long as you want."
"14","www.163.com/","163 Mailbox is a classic work of NetEase, an early email service provider in China"
"15","map.baidu.com/","Browse maps , search for locations, query bus driving routes, view real-time traffic conditions, your travel guide, and life assistants. "
"16","game.hao123.com/?idfrom=4086","find all games you like!"
"17","www.jd.com/?cu=true&utm_source=www.hao123.com&utm_medium=tuiguang&utm_campaign=t_1000003625_hao123mz&utm_term=5742a9543207421bb1ffa59d80146add","a professional comprehensive online shopping mall, selling over tens of thousands of brands and 40.2 million kinds of products."
"18","www.ctrip.com/?allianceid=1630&sid=1911"," a leading online travel service company in China, providing more than 90 million members with hotel reservations, "
"19","www.zhihu.com/explore"," a high-quality Q&A community on the Chinese Internet and an original content platform where creators gather,"
"20","www.bilibili.com/"," a well-known domestic video barrage website."
"21","www.chsi.com.cn/","The China Higher Education Student Information Network"
"22","www.eastmoney.com/","Fortune Oriental stock website software is aimed at retail investors, mid-to-high-end investors, and provides seven major products and services "
"23","shanghai.anjuke.com/antispam-block/?from=antispam","provides users with housing information. Including second-hand houses, new houses, rented houses, shops, office buildings, overseas real estate, "
"24","www.tmall.hk/","Taobao Juhua is one of the group buying websites under Alibaba Group."
"25","737","/pages/product/product/737"
"26","629","/pages/product/product/629"
"27","282","/pages/product/product/282"
"28","65","/pages/product/product/65"
"29","838","/pages/product/product/838"
"30","662","/pages/product/product/662"
"31","1071","/pages/product/product/1071"
"32","64","/pages/product/product/64"
"33","426","/pages/product/product/426"
"34","511","/pages/product/product/511"
"35","524","/pages/product/product/524"
"36","601","/pages/product/product/601"
"37","958","/pages/product/product/958"
"38","855","/pages/product/product/855"
"39","1046","/pages/product/product/1046"
"40","931","/pages/product/product/931"
"41","465","/pages/product/product/465"
"42","112","/pages/product/product/112"
"43","604","/pages/product/product/604"
"44","780","/pages/product/product/780"
"45","367","/pages/product/product/367"
"46","843","/pages/product/product/843"
"47","288","/pages/product/product/288"
"48","411","/pages/product/product/411"
"49","397","/pages/product/product/397"
"50","60","/pages/product/product/60"
"51","147","/pages/product/product/147"
"52","587","/pages/product/product/587"
"53","755","/pages/product/product/755"
"54","670","/pages/product/product/670"
"55","973","/pages/product/product/973"
"56","997","/pages/product/product/997"
"57","564","/pages/product/product/564"
"58","339","/pages/product/product/339"
"59","66","/pages/product/product/66"
"60","994","/pages/product/product/994"
"61","553","/pages/product/product/553"
"62","263","/pages/product/product/263"
"63","446","/pages/product/product/446"
"64","536","/pages/product/product/536"
"65","954","/pages/product/product/954"
"66","433","/pages/product/product/433"
"67","804","/pages/product/product/804"
"68","415","/pages/product/product/415"
"69","676","/pages/product/product/676"
"70","350","/pages/product/product/350"
"71","515","/pages/product/product/515"
"72","313","/pages/product/product/313"
"73","233","/pages/product/product/233"
"74","706","/pages/product/product/706"
"75","1057","/pages/product/product/1057"
"76","313","/pages/product/product/313"
"77","574","/pages/product/product/574"
"78","632","/pages/product/product/632"
"79","447","/pages/product/product/447"
"80","174","/pages/product/product/174"
"81","413","/pages/product/product/413"
"82","127","/pages/product/product/127"
"83","803","/pages/product/product/803"
"84","793","/pages/product/product/793"
"85","1082","/pages/product/product/1082"
"86","601","/pages/product/product/601"
"87","1075","/pages/product/product/1075"
"88","911","/pages/product/product/911"
"89","723","/pages/product/product/723"
"90","501","/pages/product/product/501"
"91","589","/pages/product/product/589"
"92","776","/pages/product/product/776"
"93","777","/pages/product/product/777"
"94","660","/pages/product/product/660"
"95","494","/pages/product/product/494"
"96","779","/pages/product/product/779"
"97","717","/pages/product/product/717"
"98","155","/pages/product/product/155"
"99","1022","/pages/product/product/1022"
"100","443","/pages/product/product/443"
"101","382","/pages/product/product/382"
"102","163","/pages/product/product/163"
"103","172","/pages/product/product/172"
"104","307","/pages/product/product/307"
"105","115","/pages/product/product/115"
"106","1061","/pages/product/product/1061"
"107","312","/pages/product/product/312"
"108","728","/pages/product/product/728"
"109","365","/pages/product/product/365"
"110","171","/pages/product/product/171"
"111","653","/pages/product/product/653"
"112","373","/pages/product/product/373"
"113","5","/pages/product/product/5"
"114","1021","/pages/product/product/1021"
"115","966","/pages/product/product/966"
"116","976","/pages/product/product/976"
"117","783","/pages/product/product/783"
"118","66","/pages/product/product/66"
"119","606","/pages/product/product/606"
"120","12","/pages/product/product/12"
"121","1054","/pages/product/product/1054"
"122","1023","/pages/product/product/1023"
"123","679","/pages/product/product/679"
"124","412","/pages/product/product/412"
"125","54","/pages/product/product/54"
"126","852","/pages/product/product/852"
"127","751","/pages/product/product/751"
"128","639","/pages/product/product/639"
"129","154","/pages/product/product/154"
"130","320","/pages/product/product/320"
"131","1020","/pages/product/product/1020"
"132","671","/pages/product/product/671"
"133","65","/pages/product/product/65"
"134","237","/pages/product/product/237"
"135","259","/pages/product/product/259"
"136","910","/pages/product/product/910"
"137","688","/pages/product/product/688"
"138","68","/pages/product/product/68"
"139","138","/pages/product/product/138"
"140","7","/pages/product/product/7"
"141","1084","/pages/product/product/1084"
"142","1061","/pages/product/product/1061"
"143","833","/pages/product/product/833"
"144","162","/pages/product/product/162"
"145","954","/pages/product/product/954"
"146","174","/pages/product/product/174"
"147","276","/pages/product/product/276"
"148","85","/pages/product/product/85"
"149","425","/pages/product/product/425"
"150","246","/pages/product/product/246"
"151","731","/pages/product/product/731"
"152","943","/pages/product/product/943"
"153","1033","/pages/product/product/1033"
"154","845","/pages/product/product/845"
"155","1055","/pages/product/product/1055"
"156","685","/pages/product/product/685"
"157","690","/pages/product/product/690"
"158","959","/pages/product/product/959"
"159","857","/pages/product/product/857"
"160","12","/pages/product/product/12"
"161","1029","/pages/product/product/1029"
"162","324","/pages/product/product/324"
"163","71","/pages/product/product/71"
"164","63","/pages/product/product/63"
"165","225","/pages/product/product/225"
"166","132","/pages/product/product/132"
"167","442","/pages/product/product/442"
"168","837","/pages/product/product/837"
"169","194","/pages/product/product/194"
"170","306","/pages/product/product/306"
"171","252","/pages/product/product/252"
"172","141","/pages/product/product/141"
"173","860","/pages/product/product/860"
"174","906","/pages/product/product/906"
"175","823","/pages/product/product/823"
"176","796","/pages/product/product/796"
"177","265","/pages/product/product/265"
"178","422","/pages/product/product/422"
"179","93","/pages/product/product/93"
"180","296","/pages/product/product/296"
"181","594","/pages/product/product/594"
"182","330","/pages/product/product/330"
"183","1090","/pages/product/product/1090"
"184","510","/pages/product/product/510"
"185","379","/pages/product/product/379"
"186","863","/pages/product/product/863"
"187","349","/pages/product/product/349"
"188","22","/pages/product/product/22"
"189","150","/pages/product/product/150"
"190","755","/pages/product/product/755"
"191","752","/pages/product/product/752"
"192","397","/pages/product/product/397"
"193","1072","/pages/product/product/1072"
"194","591","/pages/product/product/591"
"195","856","/pages/product/product/856"
"196","827","/pages/product/product/827"
"197","46","/pages/product/product/46"
"198","199","/pages/product/product/199"
"199","419","/pages/product/product/419"
"200","749","/pages/product/product/749"
"201","285","/pages/product/product/285"
"202","787","/pages/product/product/787"
"203","747","/pages/product/product/747"
"204","304","/pages/product/product/304"
"205","1036","/pages/product/product/1036"
"206","2","/pages/product/product/2"
"207","691","/pages/product/product/691"
"208","457","/pages/product/product/457"
"209","319","/pages/product/product/319"
"210","528","/pages/product/product/528"
"211","543","/pages/product/product/543"
"212","702","/pages/product/product/702"
"213","743","/pages/product/product/743"
"214","70","/pages/product/product/70"
"215","422","/pages/product/product/422"
"216","1005","/pages/product/product/1005"
"217","105","/pages/product/product/105"
"218","598","/pages/product/product/598"
"219","28","/pages/product/product/28"
"220","812","/pages/product/product/812"
"221","868","/pages/product/product/868"
"222","452","/pages/product/product/452"
"223","881","/pages/product/product/881"
"224","271","/pages/product/product/271"
"225","706","/pages/product/product/706"
"226","470","/pages/product/product/470"
"227","848","/pages/product/product/848"
"228","61","/pages/product/product/61"
"229","830","/pages/product/product/830"
"230","619","/pages/product/product/619"
"231","325","/pages/product/product/325"
"232","1029","/pages/product/product/1029"
"233","629","/pages/product/product/629"
"234","389","/pages/product/product/389"
"235","951","/pages/product/product/951"
"236","675","/pages/product/product/675"
"237","1056","/pages/product/product/1056"
"238","737","/pages/product/product/737"
"239","451","/pages/product/product/451"
"240","419","/pages/product/product/419"
"241","534","/pages/product/product/534"
"242","66","/pages/product/product/66"
"243","1096","/pages/product/product/1096"
"244","629","/pages/product/product/629"
"245","369","/pages/product/product/369"
"246","246","/pages/product/product/246"
"247","67","/pages/product/product/67"
"248","330","/pages/product/product/330"
"249","640","/pages/product/product/640"
"250","225","/pages/product/product/225"
"251","770","/pages/product/product/770"
"252","1046","/pages/product/product/1046"
"253","408","/pages/product/product/408"
"254","178","/pages/product/product/178"
"255","1085","/pages/product/product/1085"
"256","1076","/pages/product/product/1076"
"257","370","/pages/product/product/370"
"258","766","/pages/product/product/766"
"259","557","/pages/product/product/557"
"260","626","/pages/product/product/626"
"261","239","/pages/product/product/239"
"262","45","/pages/product/product/45"
"263","25","/pages/product/product/25"
"264","595","/pages/product/product/595"
"265","592","/pages/product/product/592"
"266","155","/pages/product/product/155"
"267","1079","/pages/product/product/1079"
"268","912","/pages/product/product/912"
"269","907","/pages/product/product/907"
"270","128","/pages/product/product/128"
"271","596","/pages/product/product/596"
"272","808","/pages/product/product/808"
"273","928","/pages/product/product/928"
"274","234","/pages/product/product/234"
"275","662","/pages/product/product/662"
"276","233","/pages/product/product/233"
"277","390","/pages/product/product/390"
"278","888","/pages/product/product/888"
"279","46","/pages/product/product/46"
"280","928","/pages/product/product/928"
"281","576","/pages/product/product/576"
"282","247","/pages/product/product/247"
"283","410","/pages/product/product/410"
"284","450","/pages/product/product/450"
"285","331","/pages/product/product/331"
"286","677","/pages/product/product/677"
"287","152","/pages/product/product/152"
"288","484","/pages/product/product/484"
"289","337","/pages/product/product/337"
"290","669","/pages/product/product/669"
"291","604","/pages/product/product/604"
"292","500","/pages/product/product/500"
"293","516","/pages/product/product/516"
"294","882","/pages/product/product/882"
"295","512","/pages/product/product/512"
"296","411","/pages/product/product/411"
"297","1100","/pages/product/product/1100"
"298","322","/pages/product/product/322"
"299","125","/pages/product/product/125"
"300","172","/pages/product/product/172"
"301","871","/pages/product/product/871"
"302","414","/pages/product/product/414"
"303","907","/pages/product/product/907"
"304","481","/pages/product/product/481"
"305","296","/pages/product/product/296"
"306","938","/pages/product/product/938"
"307","204","/pages/product/product/204"
"308","755","/pages/product/product/755"
"309","1039","/pages/product/product/1039"
"310","1025","/pages/product/product/1025"
"311","539","/pages/product/product/539"
"312","1014","/pages/product/product/1014"
"313","322","/pages/product/product/322"
"314","1071","/pages/product/product/1071"
"315","558","/pages/product/product/558"
"316","919","/pages/product/product/919"
"317","115","/pages/product/product/115"
"318","152","/pages/product/product/152"
"319","393","/pages/product/product/393"
"320","367","/pages/product/product/367"
"321","160","/pages/product/product/160"
"322","560","/pages/product/product/560"
"323","396","/pages/product/product/396"
"324","184","/pages/product/product/184"
"325","45","/pages/product/product/45"
"326","483","/pages/product/product/483"
"327","53","/pages/product/product/53"
"328","1001","/pages/product/product/1001"
"329","827","/pages/product/product/827"
"330","93","/pages/product/product/93"
"331","940","/pages/product/product/940"
"332","564","/pages/product/product/564"
"333","392","/pages/product/product/392"
"334","197","/pages/product/product/197"
"335","953","/pages/product/product/953"
"336","697","/pages/product/product/697"
"337","831","/pages/product/product/831"
"338","1010","/pages/product/product/1010"
"339","570","/pages/product/product/570"
"340","525","/pages/product/product/525"
"341","682","/pages/product/product/682"
"342","439","/pages/product/product/439"
"343","560","/pages/product/product/560"
"344","592","/pages/product/product/592"
"345","315","/pages/product/product/315"
"346","299","/pages/product/product/299"
"347","200","/pages/product/product/200"
"348","28","/pages/product/product/28"
"349","394","/pages/product/product/394"
"350","594","/pages/product/product/594"
"351","739","/pages/product/product/739"
"352","60","/pages/product/product/60"
"353","201","/pages/product/product/201"
"354","210","/pages/product/product/210"
"355","629","/pages/product/product/629"
"356","404","/pages/product/product/404"
"357","896","/pages/product/product/896"
"358","253","/pages/product/product/253"
"359","560","/pages/product/product/560"
"360","296","/pages/product/product/296"
"361","431","/pages/product/product/431"
"362","883","/pages/product/product/883"
"363","88","/pages/product/product/88"
"364","698","/pages/product/product/698"
"365","967","/pages/product/product/967"
"366","21","/pages/product/product/21"
"367","417","/pages/product/product/417"
"368","746","/pages/product/product/746"
"369","463","/pages/product/product/463"
"370","394","/pages/product/product/394"
"371","359","/pages/product/product/359"
"372","471","/pages/product/product/471"
"373","1061","/pages/product/product/1061"
"374","148","/pages/product/product/148"
"375","410","/pages/product/product/410"
"376","533","/pages/product/product/533"
"377","93","/pages/product/product/93"
"378","40","/pages/product/product/40"
"379","270","/pages/product/product/270"
"380","1069","/pages/product/product/1069"
"381","94","/pages/product/product/94"
"382","48","/pages/product/product/48"
"383","126","/pages/product/product/126"
"384","472","/pages/product/product/472"
"385","218","/pages/product/product/218"
"386","1057","/pages/product/product/1057"
"387","217","/pages/product/product/217"
"388","12","/pages/product/product/12"
"389","299","/pages/product/product/299"
"390","337","/pages/product/product/337"
"391","177","/pages/product/product/177"
"392","598","/pages/product/product/598"
"393","159","/pages/product/product/159"
"394","774","/pages/product/product/774"
"395","668","/pages/product/product/668"
"396","1012","/pages/product/product/1012"
"397","1020","/pages/product/product/1020"
"398","946","/pages/product/product/946"
"399","176","/pages/product/product/176"
"400","497","/pages/product/product/497"
"401","518","/pages/product/product/518"
"402","844","/pages/product/product/844"
"403","321","/pages/product/product/321"
"404","613","/pages/product/product/613"
"405","296","/pages/product/product/296"
"406","77","/pages/product/product/77"
"407","968","/pages/product/product/968"
"408","604","/pages/product/product/604"
"409","644","/pages/product/product/644"
"410","247","/pages/product/product/247"
"411","334","/pages/product/product/334"
"412","910","/pages/product/product/910"
"413","693","/pages/product/product/693"
"414","1055","/pages/product/product/1055"
"415","663","/pages/product/product/663"
"416","957","/pages/product/product/957"
"417","24","/pages/product/product/24"
"418","976","/pages/product/product/976"
"419","523","/pages/product/product/523"
"420","1088","/pages/product/product/1088"
"421","727","/pages/product/product/727"
"422","2","/pages/product/product/2"
"423","328","/pages/product/product/328"
"424","898","/pages/product/product/898"
"425","344","/pages/product/product/344"
"426","961","/pages/product/product/961"
"427","1087","/pages/product/product/1087"
"428","328","/pages/product/product/328"
"429","821","/pages/product/product/821"
"430","117","/pages/product/product/117"
"431","1029","/pages/product/product/1029"
"432","201","/pages/product/product/201"
"433","812","/pages/product/product/812"
"434","205","/pages/product/product/205"
"435","801","/pages/product/product/801"
"436","982","/pages/product/product/982"
"437","140","/pages/product/product/140"
"438","808","/pages/product/product/808"
"439","1087","/pages/product/product/1087"
"440","671","/pages/product/product/671"
"441","727","/pages/product/product/727"
"442","452","/pages/product/product/452"
"443","810","/pages/product/product/810"
"444","64","/pages/product/product/64"
"445","532","/pages/product/product/532"
"446","887","/pages/product/product/887"
"447","366","/pages/product/product/366"
"448","492","/pages/product/product/492"
"449","511","/pages/product/product/511"
"450","902","/pages/product/product/902"
"451","152","/pages/product/product/152"
"452","460","/pages/product/product/460"
"453","156","/pages/product/product/156"
"454","48","/pages/product/product/48"
"455","303","/pages/product/product/303"
"456","881","/pages/product/product/881"
"457","893","/pages/product/product/893"
"458","462","/pages/product/product/462"
"459","882","/pages/product/product/882"
"460","644","/pages/product/product/644"
"461","351","/pages/product/product/351"
"462","182","/pages/product/product/182"
"463","316","/pages/product/product/316"
"464","192","/pages/product/product/192"
"465","398","/pages/product/product/398"
"466","595","/pages/product/product/595"
"467","918","/pages/product/product/918"
"468","677","/pages/product/product/677"
"469","171","/pages/product/product/171"
"470","425","/pages/product/product/425"
"471","980","/pages/product/product/980"
"472","643","/pages/product/product/643"
"473","85","/pages/product/product/85"
"474","302","/pages/product/product/302"
"475","501","/pages/product/product/501"
"476","396","/pages/product/product/396"
"477","324","/pages/product/product/324"
"478","44","/pages/product/product/44"
"479","305","/pages/product/product/305"
"480","191","/pages/product/product/191"
"481","76","/pages/product/product/76"
"482","700","/pages/product/product/700"
"483","154","/pages/product/product/154"
"484","649","/pages/product/product/649"
"485","1093","/pages/product/product/1093"
"486","1043","/pages/product/product/1043"
"487","617","/pages/product/product/617"
"488","445","/pages/product/product/445"
"489","1065","/pages/product/product/1065"
"490","1077","/pages/product/product/1077"
"491","582","/pages/product/product/582"
"492","20","/pages/product/product/20"
"493","1002","/pages/product/product/1002"
"494","50","/pages/product/product/50"
"495","87","/pages/product/product/87"
"496","825","/pages/product/product/825"
"497","671","/pages/product/product/671"
"498","722","/pages/product/product/722"
"499","607","/pages/product/product/607"
"500","15","/pages/product/product/15"
"501","1026","/pages/product/product/1026"
"502","496","/pages/product/product/496"
"503","760","/pages/product/product/760"
"504","301","/pages/product/product/301"
"505","727","/pages/product/product/727"
"506","227","/pages/product/product/227"
"507","943","/pages/product/product/943"
"508","200","/pages/product/product/200"
"509","568","/pages/product/product/568"
"510","817","/pages/product/product/817"
"511","423","/pages/product/product/423"
"512","1084","/pages/product/product/1084"
"513","768","/pages/product/product/768"
"514","553","/pages/product/product/553"
"515","624","/pages/product/product/624"
"516","117","/pages/product/product/117"
"517","635","/pages/product/product/635"
"518","846","/pages/product/product/846"
"519","1078","/pages/product/product/1078"
"520","298","/pages/product/product/298"
"521","185","/pages/product/product/185"
"522","586","/pages/product/product/586"
"523","1091","/pages/product/product/1091"
"524","590","/pages/product/product/590"
"525","571","/pages/product/product/571"
"526","440","/pages/product/product/440"
"527","1048","/pages/product/product/1048"
"528","25","/pages/product/product/25"
"529","430","/pages/product/product/430"
"530","88","/pages/product/product/88"
"531","618","/pages/product/product/618"
"532","321","/pages/product/product/321"
"533","396","/pages/product/product/396"
"534","842","/pages/product/product/842"
"535","1089","/pages/product/product/1089"
"536","894","/pages/product/product/894"
"537","295","/pages/product/product/295"
"538","344","/pages/product/product/344"
"539","303","/pages/product/product/303"
"540","396","/pages/product/product/396"
"541","472","/pages/product/product/472"
"542","530","/pages/product/product/530"
"543","272","/pages/product/product/272"
"544","556","/pages/product/product/556"
"545","901","/pages/product/product/901"
"546","1042","/pages/product/product/1042"
"547","963","/pages/product/product/963"
"548","603","/pages/product/product/603"
"549","263","/pages/product/product/263"
"550","127","/pages/product/product/127"
"551","689","/pages/product/product/689"
"552","508","/pages/product/product/508"
"553","14","/pages/product/product/14"
"554","383","/pages/product/product/383"
"555","958","/pages/product/product/958"
"556","1038","/pages/product/product/1038"
"557","557","/pages/product/product/557"
"558","62","/pages/product/product/62"
"559","745","/pages/product/product/745"
"560","840","/pages/product/product/840"
"561","954","/pages/product/product/954"
"562","147","/pages/product/product/147"
"563","202","/pages/product/product/202"
"564","1098","/pages/product/product/1098"
"565","18","/pages/product/product/18"
"566","331","/pages/product/product/331"
"567","697","/pages/product/product/697"
"568","348","/pages/product/product/348"
"569","880","/pages/product/product/880"
"570","219","/pages/product/product/219"
"571","254","/pages/product/product/254"
"572","350","/pages/product/product/350"
"573","755","/pages/product/product/755"
"574","509","/pages/product/product/509"
"575","861","/pages/product/product/861"
"576","924","/pages/product/product/924"
"577","374","/pages/product/product/374"
"578","634","/pages/product/product/634"
"579","1005","/pages/product/product/1005"
"580","112","/pages/product/product/112"
"581","921","/pages/product/product/921"
"582","6","/pages/product/product/6"
"583","904","/pages/product/product/904"
"584","435","/pages/product/product/435"
"585","470","/pages/product/product/470"
"586","77","/pages/product/product/77"
"587","667","/pages/product/product/667"
"588","509","/pages/product/product/509"
"589","1058","/pages/product/product/1058"
"590","87","/pages/product/product/87"
"591","911","/pages/product/product/911"
"592","337","/pages/product/product/337"
"593","174","/pages/product/product/174"
"594","344","/pages/product/product/344"
"595","1014","/pages/product/product/1014"
"596","921","/pages/product/product/921"
"597","144","/pages/product/product/144"
"598","79","/pages/product/product/79"
"599","683","/pages/product/product/683"
"600","10","/pages/product/product/10"
"601","308","/pages/product/product/308"
"602","430","/pages/product/product/430"
"603","1043","/pages/product/product/1043"
"604","951","/pages/product/product/951"
"605","829","/pages/product/product/829"
"606","452","/pages/product/product/452"
"607","319","/pages/product/product/319"
"608","828","/pages/product/product/828"
"609","590","/pages/product/product/590"
"610","485","/pages/product/product/485"
"611","943","/pages/product/product/943"
"612","71","/pages/product/product/71"
"613","670","/pages/product/product/670"
"614","2","/pages/product/product/2"
"615","235","/pages/product/product/235"
"616","93","/pages/product/product/93"
"617","930","/pages/product/product/930"
"618","796","/pages/product/product/796"
"619","734","/pages/product/product/734"
"620","90","/pages/product/product/90"
"621","135","/pages/product/product/135"
"622","648","/pages/product/product/648"
"623","15","/pages/product/product/15"
"624","651","/pages/product/product/651"
"625","813","/pages/product/product/813"
"626","626","/pages/product/product/626"
"627","46","/pages/product/product/46"
"628","790","/pages/product/product/790"
"629","644","/pages/product/product/644"
"630","344","/pages/product/product/344"
"631","1054","/pages/product/product/1054"
"632","961","/pages/product/product/961"
"633","834","/pages/product/product/834"
"634","861","/pages/product/product/861"
"635","145","/pages/product/product/145"
"636","776","/pages/product/product/776"
"637","490","/pages/product/product/490"
"638","670","/pages/product/product/670"
"639","826","/pages/product/product/826"
"640","525","/pages/product/product/525"
"641","499","/pages/product/product/499"
"642","232","/pages/product/product/232"
"643","1051","/pages/product/product/1051"
"644","404","/pages/product/product/404"
"645","470","/pages/product/product/470"
"646","364","/pages/product/product/364"
"647","392","/pages/product/product/392"
"648","1089","/pages/product/product/1089"
"649","748","/pages/product/product/748"
"650","166","/pages/product/product/166"
"651","54","/pages/product/product/54"
"652","8","/pages/product/product/8"
"653","55","/pages/product/product/55"
"654","960","/pages/product/product/960"
"655","934","/pages/product/product/934"
"656","245","/pages/product/product/245"
"657","131","/pages/product/product/131"
"658","332","/pages/product/product/332"
"659","247","/pages/product/product/247"
"660","825","/pages/product/product/825"
"661","1044","/pages/product/product/1044"
"662","440","/pages/product/product/440"
"663","699","/pages/product/product/699"
"664","140","/pages/product/product/140"
"665","499","/pages/product/product/499"
"666","793","/pages/product/product/793"
"667","675","/pages/product/product/675"
"668","328","/pages/product/product/328"
"669","503","/pages/product/product/503"
"670","44","/pages/product/product/44"
"671","842","/pages/product/product/842"
"672","243","/pages/product/product/243"
"673","963","/pages/product/product/963"
"674","151","/pages/product/product/151"
"675","506","/pages/product/product/506"
"676","44","/pages/product/product/44"
"677","81","/pages/product/product/81"
"678","665","/pages/product/product/665"
"679","259","/pages/product/product/259"
"680","967","/pages/product/product/967"
"681","628","/pages/product/product/628"
"682","401","/pages/product/product/401"
"683","305","/pages/product/product/305"
"684","1000","/pages/product/product/1000"
"685","462","/pages/product/product/462"
"686","681","/pages/product/product/681"
"687","839","/pages/product/product/839"
"688","831","/pages/product/product/831"
"689","749","/pages/product/product/749"
"690","327","/pages/product/product/327"
"691","8","/pages/product/product/8"
"692","582","/pages/product/product/582"
"693","282","/pages/product/product/282"
"694","87","/pages/product/product/87"
"695","388","/pages/product/product/388"
"696","908","/pages/product/product/908"
"697","203","/pages/product/product/203"
"698","428","/pages/product/product/428"
"699","403","/pages/product/product/403"
"700","628","/pages/product/product/628"
"701","1093","/pages/product/product/1093"
"702","628","/pages/product/product/628"
"703","222","/pages/product/product/222"
"704","901","/pages/product/product/901"
"705","757","/pages/product/product/757"
"706","373","/pages/product/product/373"
"707","128","/pages/product/product/128"
"708","977","/pages/product/product/977"
"709","320","/pages/product/product/320"
"710","1091","/pages/product/product/1091"
"711","338","/pages/product/product/338"
"712","317","/pages/product/product/317"
"713","10","/pages/product/product/10"
"714","1","/pages/product/product/1"
"715","997","/pages/product/product/997"
"716","290","/pages/product/product/290"
"717","275","/pages/product/product/275"
"718","415","/pages/product/product/415"
"719","523","/pages/product/product/523"
"720","80","/pages/product/product/80"
"721","614","/pages/product/product/614"
"722","139","/pages/product/product/139"
"723","960","/pages/product/product/960"
"724","31","/pages/product/product/31"
"725","332","/pages/product/product/332"
"726","693","/pages/product/product/693"
"727","632","/pages/product/product/632"
"728","495","/pages/product/product/495"
"729","719","/pages/product/product/719"
"730","443","/pages/product/product/443"
"731","485","/pages/product/product/485"
"732","251","/pages/product/product/251"
"733","568","/pages/product/product/568"
"734","849","/pages/product/product/849"
"735","543","/pages/product/product/543"
"736","561","/pages/product/product/561"
"737","740","/pages/product/product/740"
"738","678","/pages/product/product/678"
"739","397","/pages/product/product/397"
"740","991","/pages/product/product/991"
"741","767","/pages/product/product/767"
"742","128","/pages/product/product/128"
"743","860","/pages/product/product/860"
"744","529","/pages/product/product/529"
"745","954","/pages/product/product/954"
"746","158","/pages/product/product/158"
"747","969","/pages/product/product/969"
"748","529","/pages/product/product/529"
"749","155","/pages/product/product/155"
"750","435","/pages/product/product/435"
"751","400","/pages/product/product/400"
"752","850","/pages/product/product/850"
"753","236","/pages/product/product/236"
"754","221","/pages/product/product/221"
"755","630","/pages/product/product/630"
"756","1077","/pages/product/product/1077"
"757","958","/pages/product/product/958"
"758","278","/pages/product/product/278"
"759","760","/pages/product/product/760"
"760","966","/pages/product/product/966"
"761","535","/pages/product/product/535"
"762","75","/pages/product/product/75"
"763","458","/pages/product/product/458"
"764","346","/pages/product/product/346"
"765","652","/pages/product/product/652"
"766","946","/pages/product/product/946"
"767","653","/pages/product/product/653"
"768","846","/pages/product/product/846"
"769","456","/pages/product/product/456"
"770","876","/pages/product/product/876"
"771","677","/pages/product/product/677"
"772","334","/pages/product/product/334"
"773","427","/pages/product/product/427"
"774","134","/pages/product/product/134"
"775","856","/pages/product/product/856"
"776","826","/pages/product/product/826"
"777","909","/pages/product/product/909"
"778","540","/pages/product/product/540"
"779","296","/pages/product/product/296"
"780","81","/pages/product/product/81"
"781","53","/pages/product/product/53"
"782","477","/pages/product/product/477"
"783","1077","/pages/product/product/1077"
"784","316","/pages/product/product/316"
"785","792","/pages/product/product/792"
"786","311","/pages/product/product/311"
"787","761","/pages/product/product/761"
"788","90","/pages/product/product/90"
"789","904","/pages/product/product/904"
"790","507","/pages/product/product/507"
"791","357","/pages/product/product/357"
"792","1004","/pages/product/product/1004"
"793","818","/pages/product/product/818"
"794","650","/pages/product/product/650"
"795","54","/pages/product/product/54"
"796","567","/pages/product/product/567"
"797","334","/pages/product/product/334"
"798","1045","/pages/product/product/1045"
"799","487","/pages/product/product/487"
"800","279","/pages/product/product/279"
"801","1081","/pages/product/product/1081"
"802","721","/pages/product/product/721"
"803","186","/pages/product/product/186"
"804","342","/pages/product/product/342"
"805","1036","/pages/product/product/1036"
"806","326","/pages/product/product/326"
"807","967","/pages/product/product/967"
"808","1059","/pages/product/product/1059"
"809","118","/pages/product/product/118"
"810","998","/pages/product/product/998"
"811","665","/pages/product/product/665"
"812","214","/pages/product/product/214"
"813","207","/pages/product/product/207"
"814","1046","/pages/product/product/1046"
"815","678","/pages/product/product/678"
"816","112","/pages/product/product/112"
"817","1055","/pages/product/product/1055"
"818","5","/pages/product/product/5"
"819","871","/pages/product/product/871"
"820","306","/pages/product/product/306"
"821","794","/pages/product/product/794"
"822","82","/pages/product/product/82"
"823","818","/pages/product/product/818"
"824","965","/pages/product/product/965"
"825","408","/pages/product/product/408"
"826","507","/pages/product/product/507"
"827","487","/pages/product/product/487"
"828","498","/pages/product/product/498"
"829","635","/pages/product/product/635"
"830","285","/pages/product/product/285"
"831","918","/pages/product/product/918"
"832","491","/pages/product/product/491"
"833","444","/pages/product/product/444"
"834","94","/pages/product/product/94"
"835","317","/pages/product/product/317"
"836","559","/pages/product/product/559"
"837","872","/pages/product/product/872"
"838","615","/pages/product/product/615"
"839","743","/pages/product/product/743"
"840","737","/pages/product/product/737"
"841","323","/pages/product/product/323"
"842","727","/pages/product/product/727"
"843","972","/pages/product/product/972"
"844","7","/pages/product/product/7"
"845","1034","/pages/product/product/1034"
"846","383","/pages/product/product/383"
"847","5","/pages/product/product/5"
"848","589","/pages/product/product/589"
"849","432","/pages/product/product/432"
"850","266","/pages/product/product/266"
"851","451","/pages/product/product/451"
"852","593","/pages/product/product/593"
"853","10","/pages/product/product/10"
"854","116","/pages/product/product/116"
"855","165","/pages/product/product/165"
"856","147","/pages/product/product/147"
"857","144","/pages/product/product/144"
"858","375","/pages/product/product/375"
"859","407","/pages/product/product/407"
"860","706","/pages/product/product/706"
"861","46","/pages/product/product/46"
"862","571","/pages/product/product/571"
"863","293","/pages/product/product/293"
"864","237","/pages/product/product/237"
"865","562","/pages/product/product/562"
"866","524","/pages/product/product/524"
"867","135","/pages/product/product/135"
"868","118","/pages/product/product/118"
"869","565","/pages/product/product/565"
"870","36","/pages/product/product/36"
"871","212","/pages/product/product/212"
"872","686","/pages/product/product/686"
"873","133","/pages/product/product/133"
"874","1017","/pages/product/product/1017"
"875","886","/pages/product/product/886"
"876","105","/pages/product/product/105"
"877","55","/pages/product/product/55"
"878","97","/pages/product/product/97"
"879","712","/pages/product/product/712"
"880","587","/pages/product/product/587"
"881","215","/pages/product/product/215"
"882","836","/pages/product/product/836"
"883","470","/pages/product/product/470"
"884","579","/pages/product/product/579"
"885","248","/pages/product/product/248"
"886","223","/pages/product/product/223"
"887","628","/pages/product/product/628"
"888","364","/pages/product/product/364"
"889","58","/pages/product/product/58"
"890","245","/pages/product/product/245"
"891","550","/pages/product/product/550"
"892","666","/pages/product/product/666"
"893","228","/pages/product/product/228"
"894","725","/pages/product/product/725"
"895","341","/pages/product/product/341"
"896","709","/pages/product/product/709"
"897","723","/pages/product/product/723"
"898","295","/pages/product/product/295"
"899","743","/pages/product/product/743"
"900","788","/pages/product/product/788"
"901","913","/pages/product/product/913"
"902","479","/pages/product/product/479"
"903","338","/pages/product/product/338"
"904","660","/pages/product/product/660"
"905","270","/pages/product/product/270"
"906","1013","/pages/product/product/1013"
"907","862","/pages/product/product/862"
"908","305","/pages/product/product/305"
"909","777","/pages/product/product/777"
"910","994","/pages/product/product/994"
"911","656","/pages/product/product/656"
"912","984","/pages/product/product/984"
"913","190","/pages/product/product/190"
"914","1036","/pages/product/product/1036"
"915","915","/pages/product/product/915"
"916","119","/pages/product/product/119"
"917","597","/pages/product/product/597"
"918","759","/pages/product/product/759"
"919","469","/pages/product/product/469"
"920","258","/pages/product/product/258"
"921","1035","/pages/product/product/1035"
"922","267","/pages/product/product/267"
"923","594","/pages/product/product/594"
"924","987","/pages/product/product/987"
"925","385","/pages/product/product/385"
"926","1027","/pages/product/product/1027"
"927","359","/pages/product/product/359"
"928","954","/pages/product/product/954"
"929","316","/pages/product/product/316"
"930","399","/pages/product/product/399"
"931","1035","/pages/product/product/1035"
"932","547","/pages/product/product/547"
"933","96","/pages/product/product/96"
"934","567","/pages/product/product/567"
"935","751","/pages/product/product/751"
"936","383","/pages/product/product/383"
"937","517","/pages/product/product/517"
"938","749","/pages/product/product/749"
"939","1037","/pages/product/product/1037"
"940","508","/pages/product/product/508"
"941","674","/pages/product/product/674"
"942","956","/pages/product/product/956"
"943","402","/pages/product/product/402"
"944","262","/pages/product/product/262"
"945","722","/pages/product/product/722"
"946","264","/pages/product/product/264"
"947","16","/pages/product/product/16"
"948","213","/pages/product/product/213"
"949","250","/pages/product/product/250"
"950","303","/pages/product/product/303"
"951","943","/pages/product/product/943"
"952","276","/pages/product/product/276"
"953","1030","/pages/product/product/1030"
"954","252","/pages/product/product/252"
"955","110","/pages/product/product/110"
"956","500","/pages/product/product/500"
"957","942","/pages/product/product/942"
"958","707","/pages/product/product/707"
"959","972","/pages/product/product/972"
"960","903","/pages/product/product/903"
"961","321","/pages/product/product/321"
"962","894","/pages/product/product/894"
"963","578","/pages/product/product/578"
"964","821","/pages/product/product/821"
"965","1037","/pages/product/product/1037"
"966","284","/pages/product/product/284"
"967","809","/pages/product/product/809"
"968","47","/pages/product/product/47"
"969","65","/pages/product/product/65"
"970","578","/pages/product/product/578"
"971","115","/pages/product/product/115"
"972","69","/pages/product/product/69"
"973","961","/pages/product/product/961"
"974","478","/pages/product/product/478"
"975","48","/pages/product/product/48"
"976","21","/pages/product/product/21"
"977","21","/pages/product/product/21"
"978","514","/pages/product/product/514"
"979","410","/pages/product/product/410"
"980","123","/pages/product/product/123"
"981","51","/pages/product/product/51"
"982","597","/pages/product/product/597"
"983","384","/pages/product/product/384"
"984","737","/pages/product/product/737"
"985","1029","/pages/product/product/1029"
"986","799","/pages/product/product/799"
"987","676","/pages/product/product/676"
"988","90","/pages/product/product/90"
"989","393","/pages/product/product/393"
"990","538","/pages/product/product/538"
"991","219","/pages/product/product/219"
"992","400","/pages/product/product/400"
"993","312","/pages/product/product/312"
"994","97","/pages/product/product/97"
"995","346","/pages/product/product/346"
"996","478","/pages/product/product/478"
"997","988","/pages/product/product/988"
"998","202","/pages/product/product/202"
"999","830","/pages/product/product/830"
"1000","236","/pages/product/product/236"
"1001","710","/pages/product/product/710"
"1002","596","/pages/product/product/596"
"1003","40","/pages/product/product/40"
"1004","177","/pages/product/product/177"
"1005","239","/pages/product/product/239"
"1006","116","/pages/product/product/116"
"1007","526","/pages/product/product/526"
"1008","247","/pages/product/product/247"
"1009","256","/pages/product/product/256"
"1010","782","/pages/product/product/782"
"1011","802","/pages/product/product/802"
"1012","134","/pages/product/product/134"
"1013","191","/pages/product/product/191"
"1014","712","/pages/product/product/712"
"1015","276","/pages/product/product/276"
"1016","230","/pages/product/product/230"
"1017","930","/pages/product/product/930"
"1018","484","/pages/product/product/484"
"1019","612","/pages/product/product/612"
"1020","479","/pages/product/product/479"
"1021","43","/pages/product/product/43"
"1022","1008","/pages/product/product/1008"
"1023","682","/pages/product/product/682"
"1024","1028","/pages/product/product/1028"
"1025","988","/pages/product/product/988"
"1026","7","/pages/product/product/7"
"1027","37","/pages/product/product/37"
"1028","646","/pages/product/product/646"
"1029","1057","/pages/product/product/1057"
"1030","1089","/pages/product/product/1089"
"1031","177","/pages/product/product/177"
"1032","782","/pages/product/product/782"
"1033","779","/pages/product/product/779"
"1034","40","/pages/product/product/40"
"1035","503","/pages/product/product/503"
"1036","818","/pages/product/product/818"
"1037","220","/pages/product/product/220"
"1038","733","/pages/product/product/733"
"1039","50","/pages/product/product/50"
"1040","55","/pages/product/product/55"
"1041","564","/pages/product/product/564"
"1042","131","/pages/product/product/131"
"1043","144","/pages/product/product/144"
"1044","4","/pages/product/product/4"
"1045","344","/pages/product/product/344"
"1046","442","/pages/product/product/442"
"1047","586","/pages/product/product/586"
"1048","1089","/pages/product/product/1089"
"1049","904","/pages/product/product/904"
"1050","612","/pages/product/product/612"
"1051","838","/pages/product/product/838"
"1052","795","/pages/product/product/795"
"1053","269","/pages/product/product/269"
"1054","57","/pages/product/product/57"
"1055","946","/pages/product/product/946"
"1056","840","/pages/product/product/840"
"1057","463","/pages/product/product/463"
"1058","377","/pages/product/product/377"
"1059","947","/pages/product/product/947"
"1060","774","/pages/product/product/774"
"1061","877","/pages/product/product/877"
"1062","785","/pages/product/product/785"
"1063","107","/pages/product/product/107"
"1064","610","/pages/product/product/610"
"1065","417","/pages/product/product/417"
"1066","831","/pages/product/product/831"
"1067","205","/pages/product/product/205"
"1068","243","/pages/product/product/243"
"1069","988","/pages/product/product/988"
"1070","109","/pages/product/product/109"
"1071","771","/pages/product/product/771"
"1072","880","/pages/product/product/880"
"1073","715","/pages/product/product/715"
"1074","747","/pages/product/product/747"
"1075","565","/pages/product/product/565"
"1076","47","/pages/product/product/47"
"1077","774","/pages/product/product/774"
"1078","538","/pages/product/product/538"
"1079","719","/pages/product/product/719"
"1080","331","/pages/product/product/331"
"1081","1037","/pages/product/product/1037"
"1082","94","/pages/product/product/94"
"1083","442","/pages/product/product/442"
"1084","436","/pages/product/product/436"
"1085","464","/pages/product/product/464"
"1086","999","/pages/product/product/999"
"1087","480","/pages/product/product/480"
"1088","449","/pages/product/product/449"
"1089","213","/pages/product/product/213"
"1090","58","/pages/product/product/58"
"1091","375","/pages/product/product/375"
"1092","365","/pages/product/product/365"
"1093","89","/pages/product/product/89"
"1094","792","/pages/product/product/792"
"1095","828","/pages/product/product/828"
"1096","702","/pages/product/product/702"
"1097","655","/pages/product/product/655"
"1098","445","/pages/product/product/445"
"1099","202","/pages/product/product/202"
"1100","806","/pages/product/product/806"
"1101","857","/pages/product/product/857"
"1102","949","/pages/product/product/949"
"1103","375","/pages/product/product/375"
"1104","1086","/pages/product/product/1086"
"1105","257","/pages/product/product/257"
"1106","1026","/pages/product/product/1026"
"1107","637","/pages/product/product/637"
"1108","936","/pages/product/product/936"
"1109","118","/pages/product/product/118"
"1110","721","/pages/product/product/721"
"1111","199","/pages/product/product/199"
"1112","121","/pages/product/product/121"
"1113","847","/pages/product/product/847"
"1114","9","/pages/product/product/9"
"1115","839","/pages/product/product/839"
"1116","812","/pages/product/product/812"
"1117","1032","/pages/product/product/1032"
"1118","700","/pages/product/product/700"
"1119","1076","/pages/product/product/1076"
"1120","426","/pages/product/product/426"
"1121","4","/pages/product/product/4"
"1122","735","/pages/product/product/735"
"1123","1077","/pages/product/product/1077"
"1124","424","/pages/product/product/424"
"1125","948","/pages/product/product/948"
"1126","439","/pages/product/product/439"
"1127","104","/pages/product/product/104"
"1128","771","/pages/product/product/771"
"1129","1002","/pages/product/product/1002"
"1130","513","/pages/product/product/513"
"1131","19","/pages/product/product/19"
"1132","622","/pages/product/product/622"
"1133","998","/pages/product/product/998"
"1134","744","/pages/product/product/744"
"1135","359","/pages/product/product/359"
"1136","239","/pages/product/product/239"
"1137","900","/pages/product/product/900"
"1138","59","/pages/product/product/59"
"1139","913","/pages/product/product/913"
"1140","132","/pages/product/product/132"
"1141","634","/pages/product/product/634"
"1142","817","/pages/product/product/817"
"1143","195","/pages/product/product/195"
"1144","471","/pages/product/product/471"
"1145","778","/pages/product/product/778"
"1146","1057","/pages/product/product/1057"
"1147","667","/pages/product/product/667"
"1148","552","/pages/product/product/552"
"1149","1","/pages/product/product/1"
"1150","1044","/pages/product/product/1044"
"1151","484","/pages/product/product/484"
"1152","603","/pages/product/product/603"
"1153","26","/pages/product/product/26"
"1154","791","/pages/product/product/791"
"1155","807","/pages/product/product/807"
"1156","481","/pages/product/product/481"
"1157","897","/pages/product/product/897"
"1158","823","/pages/product/product/823"
"1159","354","/pages/product/product/354"
"1160","20","/pages/product/product/20"
"1161","565","/pages/product/product/565"
"1162","744","/pages/product/product/744"
"1163","789","/pages/product/product/789"
"1164","906","/pages/product/product/906"
"1165","682","/pages/product/product/682"
"1166","211","/pages/product/product/211"
"1167","822","/pages/product/product/822"
"1168","169","/pages/product/product/169"
"1169","279","/pages/product/product/279"
"1170","195","/pages/product/product/195"
"1171","170","/pages/product/product/170"
"1172","359","/pages/product/product/359"
"1173","775","/pages/product/product/775"
"1174","291","/pages/product/product/291"
"1175","555","/pages/product/product/555"
"1176","57","/pages/product/product/57"
"1177","607","/pages/product/product/607"
"1178","73","/pages/product/product/73"
"1179","520","/pages/product/product/520"
"1180","347","/pages/product/product/347"
"1181","556","/pages/product/product/556"
"1182","281","/pages/product/product/281"
"1183","249","/pages/product/product/249"
"1184","968","/pages/product/product/968"
"1185","390","/pages/product/product/390"
"1186","186","/pages/product/product/186"
"1187","1051","/pages/product/product/1051"
"1188","142","/pages/product/product/142"
"1189","557","/pages/product/product/557"
"1190","675","/pages/product/product/675"
"1191","971","/pages/product/product/971"
"1192","58","/pages/product/product/58"
"1193","340","/pages/product/product/340"
"1194","526","/pages/product/product/526"
"1195","458","/pages/product/product/458"
"1196","765","/pages/product/product/765"
"1197","574","/pages/product/product/574"
"1198","31","/pages/product/product/31"
"1199","751","/pages/product/product/751"
"1200","587","/pages/product/product/587"
"1201","337","/pages/product/product/337"
"1203","1047","/pages/product/product/1047"
"1204","903","/pages/product/product/903"
"1205","998","/pages/product/product/998"
"1206","407","/pages/product/product/407"
"1207","188","/pages/product/product/188"
"1208","279","/pages/product/product/279"
"1209","32","/pages/product/product/32"
"1210","911","/pages/product/product/911"
"1211","1014","/pages/product/product/1014"
"1212","867","/pages/product/product/867"
"1213","316","/pages/product/product/316"
"1214","783","/pages/product/product/783"
"1215","513","/pages/product/product/513"
"1216","1042","/pages/product/product/1042"
"1217","322","/pages/product/product/322"
"1218","119","/pages/product/product/119"
"1219","99","/pages/product/product/99"
"1220","243","/pages/product/product/243"
"1221","241","/pages/product/product/241"
"1222","854","/pages/product/product/854"
"1223","604","/pages/product/product/604"
"1224","14","/pages/product/product/14"
"1225","232","/pages/product/product/232"
